{
"cascade": {
    "random_state": 0,
    "max_layers": 100,
    "early_stopping_rounds": 3,
    "n_classes": 10,
    "estimators": [
        {"n_folds":5,"type":"XGBClassifier","n_estimators":10,"max_depth":5,"objective":"multi:softprob", "silent":true, "nthread":-1, "learning_rate":0.1},
        {"n_folds":5,"type":"RandomForestClassifier","n_estimators":10,"max_depth":null,"n_jobs":-1},
        {"n_folds":5,"type":"ExtraTreesClassifier","n_estimators":10,"max_depth":null,"n_jobs":-1},
        {"n_folds":5,"type":"LogisticRegression"}
    ]
}
}


